Decisor;Tipo;Segurança do doente;Eficácia clínica;Custo total de posse;Facilidade de utilização;Interoperabilidade;Assistência técnica
Diretor Clínico;BO;2;1;8;4;4;4
Diretor Clínico;OW;5;8;1;2;2;2
Enfermeira Gestora;BO;1;3;8;2;5;3
Enfermeira Gestora;OW;8;3;1;4;2;3
Técnico Superior de Radiologia;BO;2;2;5;1;3;3
Técnico Superior de Radiologia;OW;3;3;1;5;2;2
Administrador Hospitalar;BO;3;3;1;7;3;2
Administrador Hospitalar;OW;3;3;7;1;2;3
Engenheira Biomédica;BO;2;3;3;6;2;1
Engenheira Biomédica;OW;3;2;2;1;4;6
